prompt_id,layer,ctx,kv_head,k_kind,rel,bit_class,abs_delta_k,ek_bin,n_queries,max_es_u0,max_es_future,max_es_lifetime,future_amplified,gain_u0,gain_p50,n_es_nonfinite,fail_s_L1,fail_s_L2,fail_s_L16,fail_s_Lfull
seq_0000,4,64,4,numeric,1e-06,,2.37500001e-06,"[1e-06,1e-05)",16,0.0,0.0,0.0,False,0.0,0.0,0,False,False,False,False
seq_0000,4,64,4,numeric,1e-05,,2.3750000100000003e-05,"[1e-05,0.0001)",16,0.0,0.0,0.0,False,0.0,0.0,0,False,False,False,False
seq_0000,4,64,4,numeric,0.0001,,0.000237500001,"[0.0001,0.001)",16,0.0,0.0,0.0,False,0.0,0.0,0,False,False,False,False
seq_0000,4,64,4,numeric,0.001,,0.00237500001,"[0.001,0.01)",16,0.0,0.0,0.0,False,0.0,0.0,0,False,False,False,False
seq_0000,4,64,4,numeric,0.01,,0.0237500001,"[0.01,0.1)",16,0.0032368898391723633,0.0057830810546875,0.0057830810546875,True,0.13629009791187635,0.13629009791187635,0,True,True,True,True
seq_0000,4,64,4,numeric,0.1,,0.23750000100000002,"[0.1,1)",16,0.02427658438682556,0.043374061584472656,0.043374061584472656,True,0.1022171969873943,0.1022171969873943,0,True,True,True,True
seq_0000,4,64,4,bitflip,,sign,4.75,"[1,10)",16,0.49200543761253357,0.8790497779846191,0.8790497779846191,True,0.10358009212893263,0.10358009212893263,0,True,True,True,True
seq_0000,4,64,4,bitflip,,exponent,2.375,"[1,10)",16,0.2460027039051056,0.43952512741088867,0.43952512741088867,True,0.10358008585473769,0.10358008585473769,0,True,True,True,True
seq_0000,4,64,4,bitflip,,mantissa,0.015625,"[0.01,0.1)",16,0.0016184449195861816,0.00289154052734375,0.00289154052734375,True,0.10358047484688648,0.10358047484688648,0,True,True,True,True
seq_0000,4,256,4,numeric,1e-06,,1.6562500099999998e-06,"[1e-06,1e-05)",16,0.0,0.0,0.0,False,0.0,0.0,0,False,False,False,False
seq_0000,4,256,4,numeric,1e-05,,1.65625001e-05,"[1e-05,0.0001)",16,0.0,0.0,0.0,False,0.0,0.0,0,False,False,False,False
seq_0000,4,256,4,numeric,0.0001,,0.000165625001,"[0.0001,0.001)",16,0.0,0.0,0.0,False,0.0,0.0,0,False,False,False,False
seq_0000,4,256,4,numeric,0.001,,0.00165625001,"[0.001,0.01)",16,0.0,0.0,0.0,False,0.0,0.0,0,False,False,False,False
seq_0000,4,256,4,numeric,0.01,,0.0165625001,"[0.01,0.1)",16,0.002956390380859375,0.003064274787902832,0.003064274787902832,True,0.17849904077470022,0.1426696768643592,0,True,True,True,True
seq_0000,4,256,4,numeric,0.1,,0.165625001,"[0.1,1)",16,0.031041622161865234,0.03217458724975586,0.03217458724975586,True,0.1874211138068329,0.14980028169893053,0,True,True,True,True
seq_0000,4,256,4,bitflip,,sign,3.3125,"[1,10)",16,0.626745879650116,0.6496198177337646,0.6496198177337646,True,0.18920630329054391,0.15122694339387754,0,True,True,True,True
seq_0000,4,256,4,bitflip,,exponent,,nonfinite,16,,0.0,,False,,,16,True,True,True,True
seq_0000,4,256,4,bitflip,,mantissa,0.0078125,"[0.001,0.01)",16,0.0014781951904296875,0.0015320777893066406,0.0015320777893066406,True,0.18920898435078123,0.15122985837908007,0,True,True,True,True
seq_0001,18,64,7,numeric,1e-06,,1.00000001e-06,"[1e-06,1e-05)",16,0.0,0.0,0.0,False,0.0,0.0,0,False,False,False,False
seq_0001,18,64,7,numeric,1e-05,,1.00000001e-05,"[1e-05,0.0001)",16,0.0,0.0,0.0,False,0.0,0.0,0,False,False,False,False
seq_0001,18,64,7,numeric,0.0001,,0.000100000001,"[0.0001,0.001)",16,0.0,0.0,0.0,False,0.0,0.0,0,False,False,False,False
seq_0001,18,64,7,numeric,0.001,,0.00100000001,"[0.001,0.01)",16,0.0,0.0,0.0,False,0.0,0.0,0,False,False,False,False
seq_0001,18,64,7,numeric,0.01,,0.0100000001,"[0.01,0.1)",16,0.0007228851318359375,0.0016942024230957031,0.0016942024230957031,True,0.07228851245347977,0.08740425021584988,0,True,True,True,True
seq_0001,18,64,7,numeric,0.1,,0.100000001,"[0.1,1)",16,0.009397745132446289,0.022021770477294922,0.022021770477294922,True,0.0939774503837486,0.11361360436199539,0,True,True,True,True
seq_0001,18,64,7,bitflip,,sign,2.0,"[1,10)",16,0.18506312370300293,0.4336552619934082,0.4336552619934082,True,0.0925315618514552,0.11186647415155539,0,True,True,True,True
seq_0001,18,64,7,bitflip,,exponent,,nonfinite,16,,0.0,,False,,,16,True,True,True,True
seq_0001,18,64,7,bitflip,,mantissa,0.0078125,"[0.001,0.01)",16,0.0007228851318359375,0.0016942024230957031,0.0016942024230957031,True,0.09252929686315625,0.11187744139192968,0,True,True,True,True
seq_0001,18,256,7,numeric,1e-06,,3.2617188499999997e-07,"[1e-07,1e-06)",16,0.0,0.0,0.0,False,0.0,0.0,0,False,False,False,False
seq_0001,18,256,7,numeric,1e-05,,3.26171885e-06,"[1e-06,1e-05)",16,0.0,0.0,0.0,False,0.0,0.0,0,False,False,False,False
seq_0001,18,256,7,numeric,0.0001,,3.26171885e-05,"[1e-05,0.0001)",16,0.0,0.0,0.0,False,0.0,0.0,0,False,False,False,False
seq_0001,18,256,7,numeric,0.001,,0.000326171885,"[0.0001,0.001)",16,0.0,0.0,0.0,False,0.0,0.0,0,False,False,False,False
seq_0001,18,256,7,numeric,0.01,,0.00326171885,"[0.001,0.01)",16,0.000194549560546875,0.0009174346923828125,0.0009174346923828125,True,0.059646330488364645,0.10087247067885198,0,True,True,True,True
seq_0001,18,256,7,numeric,0.1,,0.0326171885,"[0.01,0.1)",16,0.0016508102416992188,0.0077953338623046875,0.0077953338623046875,True,0.05061166573718048,0.08575621929933584,0,True,True,True,True
seq_0001,18,256,7,bitflip,,sign,0.65234375,"[0.1,1)",16,0.032433509826660156,0.15315818786621094,0.15315818786621094,True,0.049718434225223186,0.08424532770383793,0,True,True,True,True
seq_0001,18,256,7,bitflip,,exponent,1.1099053764804048e+38,"[10,inf)",16,5.518277013335318e+36,1.7781114398196934e+37,1.7781114398196934e+37,True,0.049718445646548697,0.10565169557125982,0,True,True,True,True
seq_0001,18,256,7,bitflip,,mantissa,0.001953125,"[0.001,0.01)",16,9.72747802734375e-05,0.00045871734619140625,0.00045871734619140625,True,0.0498046874745,0.08447265620675,0,True,True,True,True
seq_0002,31,64,0,numeric,1e-06,,2.07812501e-06,"[1e-06,1e-05)",16,0.0,0.0,0.0,False,0.0,0.0,0,False,False,False,False
seq_0002,31,64,0,numeric,1e-05,,2.0781250100000002e-05,"[1e-05,0.0001)",16,0.0,0.0,0.0,False,0.0,0.0,0,False,False,False,False
seq_0002,31,64,0,numeric,0.0001,,0.000207812501,"[0.0001,0.001)",16,0.0,0.0,0.0,False,0.0,0.0,0,False,False,False,False
seq_0002,31,64,0,numeric,0.001,,0.00207812501,"[0.001,0.01)",16,0.0,0.0,0.0,False,0.0,0.0,0,False,False,False,False
seq_0002,31,64,0,numeric,0.01,,0.0207812501,"[0.01,0.1)",16,0.0019311904907226562,0.0020933151245117188,0.0020933151245117188,True,0.09292946677109319,0.07269149400761067,0,True,True,True,True
seq_0002,31,64,0,numeric,0.1,,0.207812501,"[0.1,1)",16,0.025107383728027344,0.028052806854248047,0.028052806854248047,True,0.12081748502659387,0.10056803948855896,0,True,True,True,True
seq_0002,31,64,0,bitflip,,sign,4.15625,"[1,10)",16,0.513735294342041,0.556786060333252,0.556786060333252,True,0.12360548435294254,0.09667475420727233,0,True,True,True,True
seq_0002,31,64,0,bitflip,,exponent,2.078125,"[1,10)",16,0.2568674087524414,0.2783932685852051,0.2783932685852051,True,0.12360536962517547,0.09667475420724905,0,True,True,True,True
seq_0002,31,64,0,bitflip,,mantissa,0.015625,"[0.01,0.1)",16,0.0019311904907226562,0.0020933151245117188,0.0020933151245117188,True,0.12359619139833986,0.0966796874938125,0,True,True,True,True
seq_0002,31,256,0,numeric,1e-06,,2.8125001e-07,"[1e-07,1e-06)",16,0.0,0.0,0.0,False,0.0,0.0,0,False,False,False,False
seq_0002,31,256,0,numeric,1e-05,,2.8125001e-06,"[1e-06,1e-05)",16,0.0,0.0,0.0,False,0.0,0.0,0,False,False,False,False
seq_0002,31,256,0,numeric,0.0001,,2.8125001000000002e-05,"[1e-05,0.0001)",16,0.0,0.0,0.0,False,0.0,0.0,0,False,False,False,False
seq_0002,31,256,0,numeric,0.001,,0.00028125001,"[0.0001,0.001)",16,0.0,0.0,0.0,False,0.0,0.0,0,False,False,False,False
seq_0002,31,256,0,numeric,0.01,,0.0028125001,"[0.001,0.01)",16,0.00019025802612304688,0.00040459632873535156,0.00040459632873535156,True,0.06764729574779378,0.09687211430550294,0,True,True,True,True
seq_0002,31,256,0,numeric,0.1,,0.028125001,"[0.01,0.1)",16,0.002662181854248047,0.004909217357635498,0.004909217357635498,True,0.0946553514488192,0.1329252407660048,0,True,True,True,True
seq_0002,31,256,0,bitflip,,sign,0.5625,"[0.1,1)",16,0.05476808547973633,0.10099059343338013,0.10099059343338013,True,0.09736548529713594,0.13672574361141057,0,True,True,True,True
seq_0002,31,256,0,bitflip,,exponent,9.570441569651394e+37,"[10,inf)",16,9.318287864627476e+36,1.7182659085130387e+37,1.7182659085130387e+37,True,0.09736528661515978,0.13672571712070042,0,True,True,True,True
seq_0002,31,256,0,bitflip,,mantissa,0.001953125,"[0.001,0.01)",16,0.00019025802612304688,0.00040459632873535156,0.00040459632873535156,True,0.09741210932512501,0.13949584953795313,0,True,True,True,True
seq_0003,4,64,5,numeric,1e-06,,5.6640626e-07,"[1e-07,1e-06)",16,0.0,0.0,0.0,False,0.0,0.0,0,False,False,False,False
seq_0003,4,64,5,numeric,1e-05,,5.664062600000001e-06,"[1e-06,1e-05)",16,0.0,0.0,0.0,False,0.0,0.0,0,False,False,False,False
seq_0003,4,64,5,numeric,0.0001,,5.6640626000000006e-05,"[1e-05,0.0001)",16,0.0,0.0,0.0,False,0.0,0.0,0,False,False,False,False
seq_0003,4,64,5,numeric,0.001,,0.00056640626,"[0.0001,0.001)",16,0.0,0.0,0.0,False,0.0,0.0,0,False,False,False,False
seq_0003,4,64,5,numeric,0.01,,0.0056640626,"[0.001,0.01)",16,0.0007174015045166016,0.0009603500366210938,0.0009603500366210938,True,0.1266584702630128,0.10527511935121138,0,True,True,True,True
seq_0003,4,64,5,numeric,0.1,,0.056640626000000006,"[0.01,0.1)",16,0.010762691497802734,0.016831636428833008,0.016831636428833008,True,0.1900171706720317,0.17001447706001863,0,True,True,True,True
seq_0003,4,64,5,bitflip,,sign,1.1328125,"[1,10)",16,0.20807719230651855,0.32541418075561523,0.32541418075561523,True,0.1836819352773163,0.16434705010761352,0,True,True,True,True
seq_0003,4,64,5,bitflip,,exponent,1.927380593888128e+38,"[10,inf)",16,,2.2625669344077154e+37,2.2625669344077154e+37,False,,0.10496115848935883,1,True,True,True,True
seq_0003,4,64,5,bitflip,,mantissa,0.00390625,"[0.001,0.01)",16,0.0007176399230957031,0.001122117042541504,0.001122117042541504,True,0.18371582026546873,0.16442871089540623,0,True,True,True,True
seq_0003,4,256,5,numeric,1e-06,,8.242187600000001e-07,"[1e-07,1e-06)",16,0.0,0.0,0.0,False,0.0,0.0,0,False,False,False,False
seq_0003,4,256,5,numeric,1e-05,,8.242187600000001e-06,"[1e-06,1e-05)",16,0.0,0.0,0.0,False,0.0,0.0,0,False,False,False,False
seq_0003,4,256,5,numeric,0.0001,,8.242187600000001e-05,"[1e-05,0.0001)",16,0.0,0.0,0.0,False,0.0,0.0,0,False,False,False,False
seq_0003,4,256,5,numeric,0.001,,0.00082421876,"[0.0001,0.001)",16,0.0,0.0,0.0,False,0.0,0.0,0,False,False,False,False
seq_0003,4,256,5,numeric,0.01,,0.0082421876,"[0.001,0.01)",16,0.0006122589111328125,0.0019207000732421875,0.0019207000732421875,True,0.07428354470584106,0.07162229621949473,0,True,True,True,True
seq_0003,4,256,5,numeric,0.1,,0.082421876,"[0.01,0.1)",16,0.006429195404052734,0.02016592025756836,0.02016592025756836,True,0.07800350727244706,0.07525547894385459,0,True,True,True,True
seq_0003,4,256,5,bitflip,,sign,1.6484375,"[1,10)",16,0.1291971206665039,0.40523529052734375,0.40523529052734375,True,0.07837550448010648,0.07561359134325982,0,True,True,True,True
seq_0003,4,256,5,bitflip,,exponent,2.8046710711061725e+38,"[10,inf)",16,2.1981778898197227e+37,2.0045058508216737e+37,2.1981778898197227e+37,False,0.0783756039153908,0.05904065263214835,0,True,True,True,True
seq_0003,4,256,5,bitflip,,mantissa,0.00390625,"[0.001,0.01)",16,0.00030612945556640625,0.0009603500366210938,0.0009603500366210938,True,0.07836914060493749,0.075683593730625,0,True,True,True,True
seq_0004,18,64,1,numeric,1e-06,,1.572265725e-07,"[1e-07,1e-06)",16,0.0,0.0,0.0,False,0.0,0.0,0,False,False,False,False
seq_0004,18,64,1,numeric,1e-05,,1.572265725e-06,"[1e-06,1e-05)",16,0.0,0.0,0.0,False,0.0,0.0,0,False,False,False,False
seq_0004,18,64,1,numeric,0.0001,,1.572265725e-05,"[1e-05,0.0001)",16,0.0,0.0,0.0,False,0.0,0.0,0,False,False,False,False
seq_0004,18,64,1,numeric,0.001,,0.0001572265725,"[0.0001,0.001)",16,0.0,0.0,0.0,False,0.0,0.0,0,False,False,False,False
seq_0004,18,64,1,numeric,0.01,,0.001572265725,"[0.001,0.01)",16,0.0002334117889404297,0.0003101825714111328,0.0003101825714111328,True,0.14845568728019815,0.07976270838547929,0,True,True,True,True
seq_0004,18,64,1,numeric,0.1,,0.01572265725,"[0.01,0.1)",16,0.0018665790557861328,0.0024815797805786133,0.0024815797805786133,True,0.11871905785311282,0.06384049477092923,0,True,True,True,True
seq_0004,18,64,1,bitflip,,sign,0.314453125,"[0.1,1)",16,0.03756523132324219,0.04994237422943115,0.04994237422943115,True,0.11946210209589339,0.06421959918457838,0,True,True,True,True
seq_0004,18,64,1,bitflip,,exponent,5.350142683034286e+37,"[10,inf)",16,6.391407492284617e+36,5.578627323110983e+36,6.391407492284617e+36,False,0.11946237457464941,0.0725060634731506,0,True,True,True,True
seq_0004,18,64,1,bitflip,,mantissa,0.0009765625,"[0.0001,0.001)",16,0.00011658668518066406,0.0001550912857055664,0.0001550912857055664,True,0.11938476550275,0.0639648436845,0,True,True,True,True
seq_0004,18,256,1,numeric,1e-06,,1.4648447499999999e-08,"[0,1e-07)",16,0.0,0.0,0.0,False,0.0,0.0,0,False,False,False,False
seq_0004,18,256,1,numeric,1e-05,,1.46484475e-07,"[1e-07,1e-06)",16,0.0,0.0,0.0,False,0.0,0.0,0,False,False,False,False
seq_0004,18,256,1,numeric,0.0001,,1.46484475e-06,"[1e-06,1e-05)",16,0.0,0.0,0.0,False,0.0,0.0,0,False,False,False,False
seq_0004,18,256,1,numeric,0.001,,1.46484475e-05,"[1e-05,0.0001)",16,0.0,0.0,0.0,False,0.0,0.0,0,False,False,False,False
seq_0004,18,256,1,numeric,0.01,,0.000146484475,"[0.0001,0.001)",16,1.3589859008789062e-05,2.288818359375e-05,2.288818359375e-05,True,0.09277337353337745,0.1062010986500505,0,False,False,True,True
seq_0004,18,256,1,numeric,0.1,,0.0014648447500000001,"[0.001,0.01)",16,0.0001628398895263672,0.0002713203430175781,0.0002713203430175781,True,0.11116528861860746,0.12776683977394854,0,True,True,True,True
seq_0004,18,256,1,bitflip,,sign,0.029296875,"[0.01,0.1)",16,0.003257274627685547,0.005421638488769531,0.005421638488769531,True,0.111181640621205,0.12774861653209785,0,True,True,True,True
seq_0004,18,256,1,bitflip,,exponent,4.9846049841934345e+36,"[10,inf)",16,5.5416827555616065e+35,9.224664103440695e+35,9.224664103440695e+35,True,0.11117596626281738,0.1277487834294637,0,True,True,True,True
seq_0004,18,256,1,bitflip,,mantissa,6.103515625e-05,"[1e-05,0.0001)",16,6.67572021484375e-06,1.1444091796875e-05,1.1444091796875e-05,True,0.10937499820800003,0.13281249782400004,0,False,False,False,False
seq_0005,31,64,1,numeric,1e-06,,7.156250009999999e-06,"[1e-06,1e-05)",16,0.0,0.0,0.0,False,0.0,0.0,0,False,False,False,False
seq_0005,31,64,1,numeric,1e-05,,7.15625001e-05,"[1e-05,0.0001)",16,0.0,0.0,0.0,False,0.0,0.0,0,False,False,False,False
seq_0005,31,64,1,numeric,0.0001,,0.000715625001,"[0.0001,0.001)",16,0.0,0.0,0.0,False,0.0,0.0,0,False,False,False,False
seq_0005,31,64,1,numeric,0.001,,0.00715625001,"[0.001,0.01)",16,0.0,0.0,0.0,False,0.0,0.0,0,False,False,False,False
seq_0005,31,64,1,numeric,0.01,,0.0715625001,"[0.01,0.1)",16,0.00377655029296875,0.013810157775878906,0.013810157775878906,True,0.052772755111108495,0.06452668693130993,0,True,True,True,True
seq_0005,31,64,1,numeric,0.1,,0.715625001,"[0.1,1)",16,0.04342842102050781,0.15882205963134766,0.15882205963134766,True,0.060686003087875806,0.07420968790793298,0,True,True,True,True
seq_0005,31,64,1,bitflip,,sign,14.3125,"[10,inf)",16,0.8647861480712891,3.162644863128662,3.162644863128662,True,0.06042173960322995,0.0738871212088854,0,True,True,True,True
seq_0005,31,64,1,bitflip,,exponent,7.15625,"[1,10)",16,0.43239307403564453,1.5813226699829102,1.5813226699829102,True,0.06042173960322573,0.07388712120888023,0,True,True,True,True
seq_0005,31,64,1,bitflip,,mantissa,0.03125,"[0.01,0.1)",16,0.001888275146484375,0.00690460205078125,0.00690460205078125,True,0.06042480468556641,0.07388305663826074,0,True,True,True,True
seq_0005,31,256,1,numeric,1e-06,,2.25000001e-06,"[1e-06,1e-05)",16,0.0,0.0,0.0,False,0.0,0.0,0,False,False,False,False
seq_0005,31,256,1,numeric,1e-05,,2.25000001e-05,"[1e-05,0.0001)",16,0.0,0.0,0.0,False,0.0,0.0,0,False,False,False,False
seq_0005,31,256,1,numeric,0.0001,,0.00022500000100000002,"[0.0001,0.001)",16,0.0,0.0,0.0,False,0.0,0.0,0,False,False,False,False
seq_0005,31,256,1,numeric,0.001,,0.00225000001,"[0.001,0.01)",16,0.0,0.0,0.0,False,0.0,0.0,0,False,False,False,False
seq_0005,31,256,1,numeric,0.01,,0.0225000001,"[0.01,0.1)",16,0.0002875328063964844,0.002740621566772461,0.002740621566772461,True,0.01277923578247918,0.04821353466855744,0,True,True,True,True
seq_0005,31,256,1,numeric,0.1,,0.225000001,"[0.1,1)",16,0.004021644592285156,0.03836774826049805,0.03836774826049805,True,0.01787397588619247,0.06746927867119083,0,True,True,True,True
seq_0005,31,256,1,bitflip,,sign,4.5,"[1,10)",16,0.08273458480834961,0.7892801761627197,0.7892801761627197,True,0.018385463290740273,0.06939845614961565,0,True,True,True,True
seq_0005,31,256,1,bitflip,,exponent,2.25,"[1,10)",16,0.0413670539855957,0.3946402072906494,0.3946402072906494,True,0.01838535732692325,0.06939824422197437,0,True,True,True,True
seq_0005,31,256,1,bitflip,,mantissa,0.015625,"[0.01,0.1)",16,0.0002875328063964844,0.002740621566772461,0.002740621566772461,True,0.01840209960819727,0.06942749022993165,0,True,True,True,True
seq_0006,4,64,4,numeric,1e-06,,6.8359475e-09,"[0,1e-07)",16,0.0,0.0,0.0,False,0.0,0.0,0,False,False,False,False
seq_0006,4,64,4,numeric,1e-05,,6.8359475e-08,"[0,1e-07)",16,0.0,0.0,0.0,False,0.0,0.0,0,False,False,False,False
seq_0006,4,64,4,numeric,0.0001,,6.8359475e-07,"[1e-07,1e-06)",16,0.0,0.0,0.0,False,0.0,0.0,0,False,False,False,False
seq_0006,4,64,4,numeric,0.001,,6.8359475e-06,"[1e-06,1e-05)",16,0.0,0.0,0.0,False,0.0,0.0,0,False,False,False,False
seq_0006,4,64,4,numeric,0.01,,6.8359475e-05,"[1e-05,0.0001)",16,4.76837158203125e-06,1.2874603271484375e-05,1.2874603271484375e-05,True,0.06975436122464207,0.11160697795942731,0,False,False,False,False
seq_0006,4,64,4,numeric,0.1,,0.0006835947500000001,"[0.0001,0.001)",16,5.4836273193359375e-05,0.00014448165893554688,0.00014448165893554688,True,0.08021751646445771,0.1206750465074016,0,True,True,True,True
seq_0006,4,64,4,bitflip,,sign,0.013671875,"[0.01,0.1)",16,0.0011138916015625,0.002945423126220703,0.002945423126220703,True,0.0814732142797551,0.12290736606243877,0,True,True,True,True
seq_0006,4,64,4,bitflip,,exponent,2.3261489926236028e+36,"[10,inf)",16,1.8954161343324406e+35,5.011608714963984e+35,5.011608714963984e+35,True,0.08148300647735596,0.12291504655565534,0,True,True,True,True
seq_0006,4,64,4,bitflip,,mantissa,3.0517578125e-05,"[1e-05,0.0001)",16,2.86102294921875e-06,6.67572021484375e-06,6.67572021484375e-06,True,0.0937499969280001,0.12499999590400013,0,False,False,False,False
seq_0006,4,256,4,numeric,1e-06,,7.3828126e-07,"[1e-07,1e-06)",16,0.0,0.0,0.0,False,0.0,0.0,0,False,False,False,False
seq_0006,4,256,4,numeric,1e-05,,7.3828126000000015e-06,"[1e-06,1e-05)",16,0.0,0.0,0.0,False,0.0,0.0,0,False,False,False,False
seq_0006,4,256,4,numeric,0.0001,,7.382812600000001e-05,"[1e-05,0.0001)",16,0.0,0.0,0.0,False,0.0,0.0,0,False,False,False,False
seq_0006,4,256,4,numeric,0.001,,0.0007382812600000001,"[0.0001,0.001)",16,0.0,0.0,0.0,False,0.0,0.0,0,False,False,False,False
seq_0006,4,256,4,numeric,0.01,,0.007382812600000001,"[0.001,0.01)",16,0.0009872913360595703,0.0021255016326904297,0.0021255016326904297,True,0.1337283484516242,0.10960492988283328,0,True,True,True,True
seq_0006,4,256,4,numeric,0.1,,0.07382812600000001,"[0.01,0.1)",16,0.009378910064697266,0.020192861557006836,0.020192861557006836,True,0.12703708698457586,0.10412791277468768,0,True,True,True,True
seq_0006,4,256,4,bitflip,,sign,1.4765625,"[1,10)",16,0.18658995628356934,0.40172886848449707,0.40172886848449707,True,0.12636780108085024,0.10358005099819373,0,True,True,True,True
seq_0006,4,256,4,bitflip,,exponent,2.512240912033491e+38,"[10,inf)",16,,2.9491389224672067e+37,2.9491389224672067e+37,False,,0.08286407511070291,4,True,True,True,True
seq_0006,4,256,4,bitflip,,mantissa,0.00390625,"[0.001,0.01)",16,0.0004937648773193359,0.0010628700256347656,0.0010628700256347656,True,0.1264038085613906,0.10357666012973436,0,True,True,True,True
seq_0007,18,64,7,numeric,1e-06,,4.9687500099999995e-06,"[1e-06,1e-05)",16,0.0,0.0,0.0,False,0.0,0.0,0,False,False,False,False
seq_0007,18,64,7,numeric,1e-05,,4.9687500100000007e-05,"[1e-05,0.0001)",16,0.0,0.0,0.0,False,0.0,0.0,0,False,False,False,False
seq_0007,18,64,7,numeric,0.0001,,0.000496875001,"[0.0001,0.001)",16,0.0,0.0,0.0,False,0.0,0.0,0,False,False,False,False
seq_0007,18,64,7,numeric,0.001,,0.00496875001,"[0.001,0.01)",16,0.0,0.0,0.0,False,0.0,0.0,0,False,False,False,False
seq_0007,18,64,7,numeric,0.01,,0.049687500100000004,"[0.01,0.1)",16,0.014328598976135254,0.016572952270507812,0.016572952270507812,True,0.2883743184303788,0.2675278376293475,0,True,True,True,True
seq_0007,18,64,7,numeric,0.1,,0.49687500100000004,"[0.1,1)",16,0.11462867259979248,0.1325826644897461,0.1325826644897461,True,0.23069921483041522,0.2140222701073546,0,True,True,True,True
seq_0007,18,64,7,bitflip,,sign,9.9375,"[1,10)",16,2.2782442569732666,2.635077953338623,2.635077953338623,True,0.2292572837205572,0.21268443941318124,0,True,True,True,True
seq_0007,18,64,7,bitflip,,exponent,4.96875,"[1,10)",16,1.1391220092773438,1.3175389766693115,1.3175389766693115,True,0.22925725972872743,0.21268446340496652,0,True,True,True,True
seq_0007,18,64,7,bitflip,,mantissa,0.03125,"[0.01,0.1)",16,0.007164359092712402,0.008286476135253906,0.008286476135253906,True,0.22925949095946058,0.21268081664358485,0,True,True,True,True
seq_0007,18,256,7,numeric,1e-06,,1.26953135e-07,"[1e-07,1e-06)",16,0.0,0.0,0.0,False,0.0,0.0,0,False,False,False,False
seq_0007,18,256,7,numeric,1e-05,,1.26953135e-06,"[1e-06,1e-05)",16,0.0,0.0,0.0,False,0.0,0.0,0,False,False,False,False
seq_0007,18,256,7,numeric,0.0001,,1.26953135e-05,"[1e-05,0.0001)",16,0.0,0.0,0.0,False,0.0,0.0,0,False,False,False,False
seq_0007,18,256,7,numeric,0.001,,0.000126953135,"[0.0001,0.001)",16,0.0,0.0,0.0,False,0.0,0.0,0,False,False,False,False
seq_0007,18,256,7,numeric,0.01,,0.00126953135,"[0.001,0.01)",16,0.0001659393310546875,0.00029659271240234375,0.00029659271240234375,True,0.13070912421656886,0.08751501707603605,0,True,True,True,True
seq_0007,18,256,7,numeric,0.1,,0.0126953135,"[0.01,0.1)",16,0.002156496047973633,0.003857135772705078,0.003857135772705078,True,0.1698655214622126,0.1139385426988661,0,True,True,True,True
seq_0007,18,256,7,bitflip,,sign,0.25390625,"[0.1,1)",16,0.043131351470947266,0.07714557647705078,0.07714557647705078,True,0.1698711688695233,0.11393761267983973,0,True,True,True,True
seq_0007,18,256,7,bitflip,,exponent,4.319990986300977e+37,"[10,inf)",16,7.33842742324532e+36,1.3125642215846757e+37,1.3125642215846757e+37,True,0.1698713596050556,0.11393810418935922,0,True,True,True,True
seq_0007,18,256,7,bitflip,,mantissa,0.0009765625,"[0.0001,0.001)",16,0.0001659393310546875,0.0002968311309814453,0.0002968311309814453,True,0.169921874826,0.11401367175825,0,True,True,True,True
seq_0008,31,64,0,numeric,1e-06,,8.3984376e-07,"[1e-07,1e-06)",16,0.0,0.0,0.0,False,0.0,0.0,0,False,False,False,False
seq_0008,31,64,0,numeric,1e-05,,8.398437600000002e-06,"[1e-06,1e-05)",16,0.0,0.0,0.0,False,0.0,0.0,0,False,False,False,False
seq_0008,31,64,0,numeric,0.0001,,8.3984376e-05,"[1e-05,0.0001)",16,0.0,0.0,0.0,False,0.0,0.0,0,False,False,False,False
seq_0008,31,64,0,numeric,0.001,,0.0008398437600000001,"[0.0001,0.001)",16,0.0,0.0,0.0,False,0.0,0.0,0,False,False,False,False
seq_0008,31,64,0,numeric,0.01,,0.008398437600000001,"[0.001,0.01)",16,0.0014891624450683594,0.0014891624450683594,0.0014891624450683594,False,0.17731422388505272,0.06359011551433207,0,True,True,True,True
seq_0008,31,64,0,numeric,0.1,,0.08398437600000001,"[0.01,0.1)",16,0.015634536743164062,0.015634536743164062,0.015634536743164062,False,0.18616006318815656,0.06676962129720389,0,True,True,True,True
seq_0008,31,64,0,bitflip,,sign,1.6796875,"[1,10)",16,0.3201279640197754,0.3201274871826172,0.3201279640197754,False,0.1905878111372412,0.06836278161333138,0,True,True,True,True
seq_0008,31,64,0,bitflip,,exponent,2.857840190937569e+38,"[10,inf)",16,,2.249716760273202e+37,2.249716760273202e+37,False,,0.07872087345566861,15,True,True,True,True
seq_0008,31,64,0,bitflip,,mantissa,0.00390625,"[0.001,0.01)",16,0.0007448196411132812,0.0007448196411132812,0.0007448196411132812,False,0.1906738280761875,0.0683593749825,0,True,True,True,True
seq_0008,31,256,0,numeric,1e-06,,2.37500001e-06,"[1e-06,1e-05)",16,0.0,0.0,0.0,False,0.0,0.0,0,False,False,False,False
seq_0008,31,256,0,numeric,1e-05,,2.3750000100000003e-05,"[1e-05,0.0001)",16,0.0,0.0,0.0,False,0.0,0.0,0,False,False,False,False
seq_0008,31,256,0,numeric,0.0001,,0.000237500001,"[0.0001,0.001)",16,0.0,0.0,0.0,False,0.0,0.0,0,False,False,False,False
seq_0008,31,256,0,numeric,0.001,,0.00237500001,"[0.001,0.01)",16,0.0,0.0,0.0,False,0.0,0.0,0,False,False,False,False
seq_0008,31,256,0,numeric,0.01,,0.0237500001,"[0.01,0.1)",16,0.003970623016357422,0.00940847396850586,0.00940847396850586,True,0.16718412629355053,0.2362351658462218,0,True,True,True,True
seq_0008,31,256,0,numeric,0.1,,0.23750000100000002,"[0.1,1)",16,0.02977919578552246,0.07056403160095215,0.07056403160095215,True,0.12538608698951995,0.1771766253583047,0,True,True,True,True
seq_0008,31,256,0,bitflip,,sign,4.75,"[1,10)",16,0.6035266518592834,1.430095911026001,1.430095911026001,True,0.1270582424966645,0.17953883974171925,0,True,True,True,True
seq_0008,31,256,0,bitflip,,exponent,2.375,"[1,10)",16,0.30176329612731934,0.7150478363037109,0.7150478363037109,True,0.12705822994829147,0.17953882719333517,0,True,True,True,True
seq_0008,31,256,0,bitflip,,mantissa,0.015625,"[0.01,0.1)",16,0.001985311508178711,0.00470423698425293,0.00470423698425293,True,0.12705993651530567,0.17953491209788477,0,True,True,True,True
seq_0009,4,64,5,numeric,1e-06,,5.156250100000001e-07,"[1e-07,1e-06)",16,0.0,0.0,0.0,False,0.0,0.0,0,False,False,False,False
seq_0009,4,64,5,numeric,1e-05,,5.156250100000001e-06,"[1e-06,1e-05)",16,0.0,0.0,0.0,False,0.0,0.0,0,False,False,False,False
seq_0009,4,64,5,numeric,0.0001,,5.156250100000001e-05,"[1e-05,0.0001)",16,0.0,0.0,0.0,False,0.0,0.0,0,False,False,False,False
seq_0009,4,64,5,numeric,0.001,,0.0005156250100000001,"[0.0001,0.001)",16,0.0,0.0,0.0,False,0.0,0.0,0,False,False,False,False
seq_0009,4,64,5,numeric,0.01,,0.005156250100000001,"[0.001,0.01)",16,0.00040459632873535156,0.0005395412445068359,0.0005395412445068359,True,0.07846716524803254,0.07324218606534093,0,True,True,True,True
seq_0009,4,64,5,numeric,0.1,,0.05156250100000001,"[0.01,0.1)",16,0.00525975227355957,0.0070133209228515625,0.0070133209228515625,True,0.10200731484024722,0.0952102180261788,0,True,True,True,True
seq_0009,4,64,5,bitflip,,sign,1.03125,"[1,10)",16,0.10681676864624023,0.14242267608642578,0.14242267608642578,True,0.10357989686898099,0.0966748324306591,0,True,True,True,True
seq_0009,4,64,5,bitflip,,exponent,1.754580954436089e+38,"[10,inf)",16,1.8173965657460664e+37,1.5871929914554602e+37,1.8173965657460664e+37,False,0.10358009193882797,0.08251880876945727,0,True,True,True,True
seq_0009,4,64,5,bitflip,,mantissa,0.00390625,"[0.001,0.01)",16,0.00040459632873535156,0.0005393028259277344,0.0005393028259277344,True,0.10357666012973436,0.09667968747524999,0,True,True,True,True
seq_0009,4,256,5,numeric,1e-06,,1.4375000099999998e-06,"[1e-06,1e-05)",16,0.0,0.0,0.0,False,0.0,0.0,0,False,False,False,False
seq_0009,4,256,5,numeric,1e-05,,1.43750001e-05,"[1e-05,0.0001)",16,0.0,0.0,0.0,False,0.0,0.0,0,False,False,False,False
seq_0009,4,256,5,numeric,0.0001,,0.000143750001,"[0.0001,0.001)",16,0.0,0.0,0.0,False,0.0,0.0,0,False,False,False,False
seq_0009,4,256,5,numeric,0.001,,0.00143750001,"[0.001,0.01)",16,0.0,0.0,0.0,False,0.0,0.0,0,False,False,False,False
seq_0009,4,256,5,numeric,0.01,,0.0143750001,"[0.01,0.1)",16,0.006300926208496094,0.009797096252441406,0.009797096252441406,True,0.43832529838088613,0.5043859031731924,0,True,True,True,True
seq_0009,4,256,5,numeric,0.1,,0.143750001,"[0.1,1)",16,0.056710243225097656,0.08817243576049805,0.08817243576049805,True,0.3945060370796321,0.4539506300123282,0,True,True,True,True
seq_0009,4,256,5,bitflip,,sign,2.875,"[1,10)",16,1.1594066619873047,1.8026390075683594,1.8026390075683594,True,0.40327188243022655,0.4640387659485903,0,True,True,True,True
seq_0009,4,256,5,bitflip,,exponent,,nonfinite,16,,0.0,,False,,,16,True,True,True,True
seq_0009,4,256,5,bitflip,,mantissa,0.0078125,"[0.001,0.01)",16,0.003150463104248047,0.004898548126220703,0.004898548126220703,True,0.4032592772921328,0.4640502929093515,0,True,True,True,True
seq_0010,18,64,1,numeric,1e-06,,2.50000001e-06,"[1e-06,1e-05)",16,0.0,0.0,0.0,False,0.0,0.0,0,False,False,False,False
seq_0010,18,64,1,numeric,1e-05,,2.5000000100000003e-05,"[1e-05,0.0001)",16,0.0,0.0,0.0,False,0.0,0.0,0,False,False,False,False
seq_0010,18,64,1,numeric,0.0001,,0.000250000001,"[0.0001,0.001)",16,0.0,0.0,0.0,False,0.0,0.0,0,False,False,False,False
seq_0010,18,64,1,numeric,0.001,,0.00250000001,"[0.001,0.01)",16,0.0,0.0,0.0,False,0.0,0.0,0,False,False,False,False
seq_0010,18,64,1,numeric,0.01,,0.0250000001,"[0.01,0.1)",16,0.004013538360595703,0.0054378509521484375,0.0054378509521484375,True,0.16054153377524033,0.15020370422716142,0,True,True,True,True
seq_0010,18,64,1,numeric,0.1,,0.250000001,"[0.1,1)",16,0.032109737396240234,0.043503761291503906,0.043503761291503906,True,0.1284389490706914,0.12015342664292912,0,True,True,True,True
seq_0010,18,64,1,bitflip,,sign,5.0,"[1,10)",16,0.6421966552734375,0.8700728416442871,0.8700728416442871,True,0.12843933105466182,0.1201529502868412,0,True,True,True,True
seq_0010,18,64,1,bitflip,,exponent,2.5,"[1,10)",16,0.32109832763671875,0.43503665924072266,0.43503665924072266,True,0.12843933105463612,0.12015304565424881,0,True,True,True,True
seq_0010,18,64,1,bitflip,,mantissa,0.015625,"[0.01,0.1)",16,0.002007007598876953,0.0027189254760742188,0.0027189254760742188,True,0.1284484863199043,0.12014770507043555,0,True,True,True,True
seq_0010,18,256,1,numeric,1e-06,,1.69531251e-06,"[1e-06,1e-05)",16,0.0,0.0,0.0,False,0.0,0.0,0,False,False,False,False
seq_0010,18,256,1,numeric,1e-05,,1.6953125100000002e-05,"[1e-05,0.0001)",16,0.0,0.0,0.0,False,0.0,0.0,0,False,False,False,False
seq_0010,18,256,1,numeric,0.0001,,0.000169531251,"[0.0001,0.001)",16,0.0,0.0,0.0,False,0.0,0.0,0,False,False,False,False
seq_0010,18,256,1,numeric,0.001,,0.00169531251,"[0.001,0.01)",16,0.0,0.0,0.0,False,0.0,0.0,0,False,False,False,False
seq_0010,18,256,1,numeric,0.01,,0.0169531251,"[0.01,0.1)",16,0.0014023780822753906,0.0028484463691711426,0.0028484463691711426,True,0.08272091864600643,0.08273673997097698,0,True,True,True,True
seq_0010,18,256,1,numeric,0.1,,0.169531251,"[0.1,1)",16,0.015429019927978516,0.031332969665527344,0.031332969665527344,True,0.09100988659540715,0.0910104139729062,0,True,True,True,True
seq_0010,18,256,1,bitflip,,sign,3.390625,"[1,10)",16,0.30437421798706055,0.6181142330169678,0.6181142330169678,True,0.08976935461366879,0.08976944250991915,0,True,True,True,True
seq_0010,18,256,1,bitflip,,exponent,,nonfinite,16,,0.0,,False,,,16,True,True,True,True
seq_0010,18,256,1,bitflip,,mantissa,0.0078125,"[0.001,0.01)",16,0.0007014274597167969,0.0014242231845855713,0.0014242231845855713,True,0.0897827148322578,0.0897827148322578,0,True,True,True,True
seq_0011,31,64,1,numeric,1e-06,,8.056641625e-08,"[0,1e-07)",16,0.0,0.0,0.0,False,0.0,0.0,0,False,False,False,False
seq_0011,31,64,1,numeric,1e-05,,8.056641625e-07,"[1e-07,1e-06)",16,0.0,0.0,0.0,False,0.0,0.0,0,False,False,False,False
seq_0011,31,64,1,numeric,0.0001,,8.056641625e-06,"[1e-06,1e-05)",16,0.0,0.0,0.0,False,0.0,0.0,0,False,False,False,False
seq_0011,31,64,1,numeric,0.001,,8.056641624999999e-05,"[1e-05,0.0001)",16,0.0,0.0,0.0,False,0.0,0.0,0,False,False,False,False
seq_0011,31,64,1,numeric,0.01,,0.0008056641625,"[0.0001,0.001)",16,0.00013875961303710938,0.00016641616821289062,0.00016641616821289062,True,0.17223009204518178,0.12606532510523613,0,True,True,True,True
seq_0011,31,64,1,numeric,0.1,,0.008056641625,"[0.001,0.01)",16,0.0011868476867675781,0.0014162063598632812,0.0014162063598632812,True,0.14731295518190127,0.1059422216856582,0,True,True,True,True
seq_0011,31,64,1,bitflip,,sign,0.1611328125,"[0.1,1)",16,0.02303171157836914,0.027482986450195312,0.027482986450195312,True,0.14293619791577958,0.09805575284030055,0,True,True,True,True
seq_0011,31,64,1,bitflip,,exponent,2.741532741306389e+37,"[10,inf)",16,3.918761507307689e+36,4.6760100235497747e+36,4.6760100235497747e+36,True,0.14294053279992305,0.10288956382057883,0,True,True,True,True
seq_0011,31,64,1,bitflip,,mantissa,0.00048828125,"[0.0001,0.001)",16,6.914138793945312e-05,8.296966552734375e-05,8.296966552734375e-05,True,0.14160156221,0.104492187286,0,False,False,True,True
seq_0011,31,256,1,numeric,1e-06,,3.53515635e-07,"[1e-07,1e-06)",16,0.0,0.0,0.0,False,0.0,0.0,0,False,False,False,False
seq_0011,31,256,1,numeric,1e-05,,3.5351563500000003e-06,"[1e-06,1e-05)",16,0.0,0.0,0.0,False,0.0,0.0,0,False,False,False,False
seq_0011,31,256,1,numeric,0.0001,,3.53515635e-05,"[1e-05,0.0001)",16,0.0,0.0,0.0,False,0.0,0.0,0,False,False,False,False
seq_0011,31,256,1,numeric,0.001,,0.000353515635,"[0.0001,0.001)",16,0.0,0.0,0.0,False,0.0,0.0,0,False,False,False,False
seq_0011,31,256,1,numeric,0.01,,0.00353515635,"[0.001,0.01)",16,0.00044536590576171875,0.0007829666137695312,0.0007829666137695312,True,0.12598195427360287,0.12598195427360287,0,True,True,True,True
seq_0011,31,256,1,numeric,0.1,,0.0353515635,"[0.01,0.1)",16,0.004005908966064453,0.0070400238037109375,0.0070400238037109375,True,0.11331631671541591,0.11331631671541591,0,True,True,True,True
seq_0011,31,256,1,bitflip,,sign,0.70703125,"[0.1,1)",16,0.08055782318115234,0.1415863037109375,0.1415863037109375,True,0.11393813665384438,0.11393813665384438,0,True,True,True,True
seq_0011,31,256,1,bitflip,,exponent,1.2029513361853489e+38,"[10,inf)",16,1.3706199570088681e+37,2.4089684092883137e+37,2.4089684092883137e+37,True,0.11393810504049227,0.11393810504049227,0,True,True,True,True
seq_0011,31,256,1,bitflip,,mantissa,0.001953125,"[0.001,0.01)",16,0.00022268295288085938,0.0003910064697265625,0.0003910064697265625,True,0.114013671816625,0.114013671816625,0,True,True,True,True
seq_0012,4,64,4,numeric,1e-06,,3.33984385e-07,"[1e-07,1e-06)",16,0.0,0.0,0.0,False,0.0,0.0,0,False,False,False,False
seq_0012,4,64,4,numeric,1e-05,,3.3398438500000002e-06,"[1e-06,1e-05)",16,0.0,0.0,0.0,False,0.0,0.0,0,False,False,False,False
seq_0012,4,64,4,numeric,0.0001,,3.3398438500000004e-05,"[1e-05,0.0001)",16,0.0,0.0,0.0,False,0.0,0.0,0,False,False,False,False
seq_0012,4,64,4,numeric,0.001,,0.000333984385,"[0.0001,0.001)",16,0.0,0.0,0.0,False,0.0,0.0,0,False,False,False,False
seq_0012,4,64,4,numeric,0.01,,0.00333984385,"[0.001,0.01)",16,0.0006635189056396484,0.0012084245681762695,0.0012084245681762695,True,0.19866764293216307,0.21321703171229656,0,True,True,True,True
seq_0012,4,64,4,numeric,0.1,,0.0333984385,"[0.01,0.1)",16,0.005640268325805664,0.009079426527023315,0.009079426527023315,True,0.16887820445967214,0.17299696197454476,0,True,True,True,True
seq_0012,4,64,4,bitflip,,sign,0.66796875,"[0.1,1)",16,0.11346864700317383,0.2066422700881958,0.2066422700881958,True,0.1698711908349065,0.18230096917376082,0,True,True,True,True
seq_0012,4,64,4,bitflip,,exponent,1.136489936396103e+38,"[10,inf)",16,1.9305708901537224e+37,2.840921365436563e+37,2.840921365436563e+37,True,0.1698713581464444,0.1836820345873024,4,True,True,True,True
seq_0012,4,64,4,bitflip,,mantissa,0.001953125,"[0.001,0.01)",16,0.0003317594528198242,0.0006042122840881348,0.0006042122840881348,True,0.16986083975678126,0.18230056753361523,0,True,True,True,True
seq_0012,4,256,4,numeric,1e-06,,9.179688499999999e-08,"[0,1e-07)",16,0.0,0.0,0.0,False,0.0,0.0,0,False,False,False,False
seq_0012,4,256,4,numeric,1e-05,,9.1796885e-07,"[1e-07,1e-06)",16,0.0,0.0,0.0,False,0.0,0.0,0,False,False,False,False
seq_0012,4,256,4,numeric,0.0001,,9.1796885e-06,"[1e-06,1e-05)",16,0.0,0.0,0.0,False,0.0,0.0,0,False,False,False,False
seq_0012,4,256,4,numeric,0.001,,9.1796885e-05,"[1e-05,0.0001)",16,0.0,0.0,0.0,False,0.0,0.0,0,False,False,False,False
seq_0012,4,256,4,numeric,0.01,,0.00091796885,"[0.0001,0.001)",16,9.226799011230469e-05,0.00017404556274414062,0.00017404556274414062,True,0.1005132037016196,0.11090216532452601,0,True,True,True,True
seq_0012,4,256,4,numeric,0.1,,0.0091796885,"[0.001,0.01)",16,0.0008780956268310547,0.001652836799621582,0.001652836799621582,True,0.09565636423669477,0.10537004336363581,0,True,True,True,True
seq_0012,4,256,4,bitflip,,sign,0.18359375,"[0.1,1)",16,0.017368555068969727,0.03270864486694336,0.03270864486694336,True,0.09460319356663896,0.10427142204065545,0,True,True,True,True
seq_0012,4,256,4,bitflip,,exponent,3.1236857900945523e+37,"[10,inf)",16,2.955105246782241e+36,5.565088814700546e+36,5.565088814700546e+36,True,0.09460315298526845,0.10427063069445022,0,True,True,True,True
seq_0012,4,256,4,bitflip,,mantissa,0.00048828125,"[0.0001,0.001)",16,4.673004150390625e-05,8.702278137207031e-05,8.702278137207031e-05,True,0.095703124804,0.10400390603700001,0,False,False,True,True
seq_0013,18,64,7,numeric,1e-06,,1.9453125099999997e-06,"[1e-06,1e-05)",16,0.0,0.0,0.0,False,0.0,0.0,0,False,False,False,False
seq_0013,18,64,7,numeric,1e-05,,1.9453125100000002e-05,"[1e-05,0.0001)",16,0.0,0.0,0.0,False,0.0,0.0,0,False,False,False,False
seq_0013,18,64,7,numeric,0.0001,,0.000194531251,"[0.0001,0.001)",16,0.0,0.0,0.0,False,0.0,0.0,0,False,False,False,False
seq_0013,18,64,7,numeric,0.001,,0.00194531251,"[0.001,0.01)",16,0.0,0.0,0.0,False,0.0,0.0,0,False,False,False,False
seq_0013,18,64,7,numeric,0.01,,0.0194531251,"[0.01,0.1)",16,0.0009548664093017578,0.00244903564453125,0.00244903564453125,True,0.049085501910059295,0.08932213181535884,0,True,True,True,True
seq_0013,18,64,7,numeric,0.1,,0.19453125100000002,"[0.1,1)",16,0.011935949325561523,0.03061532974243164,0.03061532974243164,True,0.06135749019318323,0.11162325024138296,0,True,True,True,True
seq_0013,18,64,7,bitflip,,sign,3.890625,"[1,10)",16,0.23776483535766602,0.6098599433898926,0.6098599433898926,True,0.06111224683890246,0.11117614991212002,0,True,True,True,True
seq_0013,18,64,7,bitflip,,exponent,,nonfinite,16,,0.0,,False,,,16,True,True,True,True
seq_0013,18,64,7,bitflip,,mantissa,0.0078125,"[0.001,0.01)",16,0.0004773139953613281,0.001224517822265625,0.001224517822265625,True,0.061096191398429686,0.11120605467326562,0,True,True,True,True
seq_0013,18,256,7,numeric,1e-06,,7.2265626e-07,"[1e-07,1e-06)",16,0.0,0.0,0.0,False,0.0,0.0,0,False,False,False,False
seq_0013,18,256,7,numeric,1e-05,,7.226562600000001e-06,"[1e-06,1e-05)",16,0.0,0.0,0.0,False,0.0,0.0,0,False,False,False,False
seq_0013,18,256,7,numeric,0.0001,,7.2265626e-05,"[1e-05,0.0001)",16,0.0,0.0,0.0,False,0.0,0.0,0,False,False,False,False
seq_0013,18,256,7,numeric,0.001,,0.0007226562600000001,"[0.0001,0.001)",16,0.0,0.0,0.0,False,0.0,0.0,0,False,False,False,False
seq_0013,18,256,7,numeric,0.01,,0.007226562600000001,"[0.001,0.01)",16,0.0005965232849121094,0.0010356903076171875,0.0010356903076171875,True,0.08254592367740139,0.08360166690588934,0,True,True,True,True
seq_0013,18,256,7,numeric,0.1,,0.07226562600000001,"[0.01,0.1)",16,0.0056629180908203125,0.009840011596679688,0.009840011596679688,True,0.07836254114427721,0.07943148116325438,0,True,True,True,True
seq_0013,18,256,7,bitflip,,sign,1.4453125,"[1,10)",16,0.11028337478637695,0.19162321090698242,0.19162321090698242,True,0.07630417282511612,0.07733979096278432,0,True,True,True,True
seq_0013,18,256,7,bitflip,,exponent,2.4590717922020944e+38,"[10,inf)",16,1.876370206969884e+37,2.954646357264958e+37,2.954646357264958e+37,True,0.07630400271029086,0.08769780751821157,1,True,True,True,True
seq_0013,18,256,7,bitflip,,mantissa,0.00390625,"[0.001,0.01)",16,0.00029850006103515625,0.0005178451538085938,0.0005178451538085938,True,0.0764160156054375,0.082519531228875,0,True,True,True,True
seq_0014,31,64,0,numeric,1e-06,,6.367187600000001e-07,"[1e-07,1e-06)",16,0.0,0.0,0.0,False,0.0,0.0,0,False,False,False,False
seq_0014,31,64,0,numeric,1e-05,,6.367187600000001e-06,"[1e-06,1e-05)",16,0.0,0.0,0.0,False,0.0,0.0,0,False,False,False,False
seq_0014,31,64,0,numeric,0.0001,,6.3671876e-05,"[1e-05,0.0001)",16,0.0,0.0,0.0,False,0.0,0.0,0,False,False,False,False
seq_0014,31,64,0,numeric,0.001,,0.0006367187600000001,"[0.0001,0.001)",16,0.0,0.0,0.0,False,0.0,0.0,0,False,False,False,False
seq_0014,31,64,0,numeric,0.01,,0.006367187600000001,"[0.001,0.01)",16,0.0021364688873291016,0.002255082130432129,0.002255082130432129,True,0.33554357452787437,0.2999334931333862,0,True,True,True,True
seq_0014,31,64,0,numeric,0.1,,0.063671876,"[0.01,0.1)",16,0.017090797424316406,0.018040180206298828,0.018040180206298828,True,0.26841988170802417,0.23994679454062537,0,True,True,True,True
seq_0014,31,64,0,bitflip,,sign,1.2734375,"[1,10)",16,0.3482232093811035,0.36756908893585205,0.36756908893585205,True,0.27345135460580516,0.24444917082036016,0,True,True,True,True
seq_0014,31,64,0,bitflip,,exponent,2.166641633129413e+38,"[10,inf)",16,,0.0,,False,,,16,True,True,True,True
seq_0014,31,64,0,bitflip,,mantissa,0.00390625,"[0.001,0.01)",16,0.001068115234375,0.001127481460571289,0.001127481460571289,True,0.27343749993,0.24450683587490624,0,True,True,True,True
seq_0014,31,256,0,numeric,1e-06,,7.2656251e-07,"[1e-07,1e-06)",16,0.0,0.0,0.0,False,0.0,0.0,0,False,False,False,False
seq_0014,31,256,0,numeric,1e-05,,7.265625100000001e-06,"[1e-06,1e-05)",16,0.0,0.0,0.0,False,0.0,0.0,0,False,False,False,False
seq_0014,31,256,0,numeric,0.0001,,7.2656251e-05,"[1e-05,0.0001)",16,0.0,0.0,0.0,False,0.0,0.0,0,False,False,False,False
seq_0014,31,256,0,numeric,0.001,,0.0007265625100000001,"[0.0001,0.001)",16,0.0,0.0,0.0,False,0.0,0.0,0,False,False,False,False
seq_0014,31,256,0,numeric,0.01,,0.007265625100000001,"[0.001,0.01)",16,0.002481698989868164,0.0022226572036743164,0.002481698989868164,False,0.34156716805090814,0.18861831895058317,0,True,True,True,True
seq_0014,31,256,0,numeric,0.1,,0.072656251,"[0.01,0.1)",16,0.023575305938720703,0.021115243434906006,0.023575305938720703,False,0.3244773245786687,0.17916771426544073,0,True,True,True,True
seq_0014,31,256,0,bitflip,,sign,1.453125,"[1,10)",16,0.4615788459777832,0.4134138822555542,0.4615788459777832,False,0.317645657446858,0.17539567844829998,0,True,True,True,True
seq_0014,31,256,0,bitflip,,exponent,2.4723640721599435e+38,"[10,inf)",16,,2.9876899519309874e+37,2.9876899519309874e+37,False,,0.08113773920202769,2,True,True,True,True
seq_0014,31,256,0,bitflip,,mantissa,0.00390625,"[0.001,0.01)",16,0.0012407302856445312,0.0011113286018371582,0.0012407302856445312,False,0.3176269530436875,0.17541503901759373,0,True,True,True,True
seq_0015,4,64,5,numeric,1e-06,,4.75000001e-06,"[1e-06,1e-05)",16,0.0,0.0,0.0,False,0.0,0.0,0,False,False,False,False
seq_0015,4,64,5,numeric,1e-05,,4.75000001e-05,"[1e-05,0.0001)",16,0.0,0.0,0.0,False,0.0,0.0,0,False,False,False,False
seq_0015,4,64,5,numeric,0.0001,,0.000475000001,"[0.0001,0.001)",16,0.0,0.0,0.0,False,0.0,0.0,0,False,False,False,False
seq_0015,4,64,5,numeric,0.001,,0.00475000001,"[0.001,0.01)",16,0.0,0.0,0.0,False,0.0,0.0,0,False,False,False,False
seq_0015,4,64,5,numeric,0.01,,0.0475000001,"[0.01,0.1)",16,0.0007658004760742188,0.0007715225219726562,0.0007715225219726562,True,0.01612211525149232,0.013291208339337378,0,True,True,True,True
seq_0015,4,64,5,numeric,0.1,,0.475000001,"[0.1,1)",16,0.005745410919189453,0.005785942077636719,0.005785942077636719,True,0.012095601909645802,0.00996639851929318,0,True,True,True,True
seq_0015,4,64,5,bitflip,,sign,9.5,"[1,10)",16,0.11644124984741211,0.11726140975952148,0.11726140975952148,True,0.012256973668147353,0.010099059657045606,0,True,True,True,True
seq_0015,4,64,5,bitflip,,exponent,4.75,"[1,10)",16,0.05822038650512695,0.05863046646118164,0.05863046646118164,True,0.012256923474760989,0.010099109850429618,0,True,True,True,True
seq_0015,4,64,5,bitflip,,mantissa,0.03125,"[0.01,0.1)",16,0.0003833770751953125,0.0003857612609863281,0.0003857612609863281,True,0.012268066405857422,0.010101318359051759,0,True,True,True,True
seq_0015,4,256,5,numeric,1e-06,,1.7968750999999998e-07,"[1e-07,1e-06)",16,0.0,0.0,0.0,False,0.0,0.0,0,False,False,False,False
seq_0015,4,256,5,numeric,1e-05,,1.7968751e-06,"[1e-06,1e-05)",16,0.0,0.0,0.0,False,0.0,0.0,0,False,False,False,False
seq_0015,4,256,5,numeric,0.0001,,1.7968751e-05,"[1e-05,0.0001)",16,0.0,0.0,0.0,False,0.0,0.0,0,False,False,False,False
seq_0015,4,256,5,numeric,0.001,,0.00017968751,"[0.0001,0.001)",16,0.0,0.0,0.0,False,0.0,0.0,0,False,False,False,False
seq_0015,4,256,5,numeric,0.01,,0.0017968751,"[0.001,0.01)",16,0.0001697540283203125,0.0004100799560546875,0.0004100799560546875,True,0.09447180175508064,0.10654614720411483,0,True,True,True,True
seq_0015,4,256,5,numeric,0.1,,0.017968751,"[0.01,0.1)",16,0.0015292167663574219,0.003690004348754883,0.003690004348754883,True,0.08510423269109342,0.09593133806619979,0,True,True,True,True
seq_0015,4,256,5,bitflip,,sign,0.359375,"[0.1,1)",16,0.03126811981201172,0.07544064521789551,0.07544064521789551,True,0.08700694208535573,0.09805629564340922,0,True,True,True,True
seq_0015,4,256,5,bitflip,,exponent,6.114448780610613e+37,"[10,inf)",16,5.320015191809022e+36,1.2835592349659136e+37,1.2835592349659136e+37,True,0.08700727379840353,0.09805581880652386,0,True,True,True,True
seq_0015,4,256,5,bitflip,,mantissa,0.0009765625,"[0.0001,0.001)",16,8.487701416015625e-05,0.00020503997802734375,0.00020503997802734375,True,0.086914062411,0.09790039052475,0,True,True,True,True
